name,borough_name,website,borough_code,address1,address2,address3,os_addressbase_uprn,ward_2018_name,ward_2018_code,longitude,latitude,easting,northing,runtime
Domobaal,Camden,http://www.domobaal.com/#,E09000007,3 John Street,,,10091862142,Holborn and Covent Garden,E05000138,-0.114704893196649,51.52160662923071,530894.9645348527,181982.92348422023,04/11/2021
Eagle Gallery,Islington,http://www.emmahilleagle.com/#,E09000019,159 Farringdon Road,,,5300033028,Clerkenwell,E05000370,-0.109755625846395,51.52416186295283,531230.9644439578,182275.92340599908,04/11/2021
Work,Islington,http://workgallery.co.uk/#,E09000019,308 Essex Road,,,10091003649,Canonbury,E05000369,-0.0913580910097538,51.54283831211358,532452.9641102117,184385.9228319464,04/11/2021
Usurp,Harrow,http://www.usurp.org.uk/exhibitions/#,E09000015,140 Vaughan Road,,,100021292207,West Harrow,E05000305,-0.3493466961511721,51.57904584466059,514472.928960828,187977.311810033,04/11/2021
Catto Gallery,Camden,http://www.cattogallery.co.uk/#,E09000007,100 Heath Street,,,5010317,Hampstead Town,E05000135,-0.1784591038914786,51.55850337991384,526369.9657628811,185973.9223995341,04/11/2021
Freespace Gallery,Camden,http://freespacegallery.org/#,E09000007,2 Bartholomew Road,,,5021000,Cantelowes,E05000131,-0.1399289134061762,51.54640648601583,529074.9650289959,184695.92274840787,04/11/2021
Orange Dot Gallery,Camden,http://www.orangedotgallery.co.uk/#,E09000007,54 Tavistock Place,,,5030299,Bloomsbury,E05000129,-0.1250184763116502,51.52564778635138,530167.964733288,182413.92336844868,04/11/2021
Lawrence Alkin Gallery,Camden,http://www.lawrencealkingallery.com/#,E09000007,42 New Compton Street,,,5066491,Holborn and Covent Garden,E05000138,-0.1276146955741516,51.515428538246375,530016.964771571,181272.9236770144,04/11/2021
University of the Arts London Gallery,Camden,http://www.arts.ac.uk/gallery.htm#,E09000007,272 High Holborn,,,5154466,Holborn and Covent Garden,E05000138,-0.1163625663760424,51.51776637099261,530790.9645623658,181552.9236001026,04/11/2021
Gallery K,Camden,http://www.gallery-k.co.uk/#,E09000007,101-103 Heath Street,,,5082905,Hampstead Town,E05000135,-0.1785914923759944,51.55916188807706,526358.9657658924,186046.9223796577,04/11/2021
Austin Desmond Fine Art,Camden,http://austindesmond.com/#,E09000007,Pied Bull YardÂ ,68â69Â Great Russell Street,,5083316,Holborn and Covent Garden,E05000138,-0.1243487817278805,51.51879360553176,530233.9647133822,181652.92357369483,04/11/2021
Brunei Gallery,Camden,http://www.soas.ac.uk/gallery/#,E09000007,SOAS,Thornhaugh Street,,5086881,Bloomsbury,E05000129,-0.1292334038104869,51.52235178849262,529884.9648089437,182039.92347005077,04/11/2021
The October Gallery,Camden,http://www.octobergallery.co.uk/#,E09000007,24 Old Gloucester Street,,,5087208,Holborn and Covent Garden,E05000138,-0.1217048753408633,51.52069373807282,530411.9646658043,181868.9235150376,04/11/2021
Rebecca Hossack Gallery 2,Camden,http://www.richard-green.com/#,E09000007,"28 Charlotte Street,",,,5087275,Bloomsbury,E05000129,-0.1349657303693765,51.518944887353086,529496.964912489,181650.92357560748,04/11/2021
Rebecca Hossack Gallery 1,Camden,http://www.rebeccahossack.com/#,E09000007,2a Conway Street,,,5087297,Bloomsbury,E05000129,-0.1395237900061974,51.52204781119471,529171.9650016477,181987.923484485,04/11/2021
The Framers Gallery,Camden,http://www.theframersgallery.co.uk/#,E09000007,36 Windmill Street,,,5087378,Bloomsbury,E05000129,-0.1341601699643469,51.51890509971838,529552.9648973413,181647.92357631383,04/11/2021
Beside the Wave,Camden,http://www.beside-the-wave.co.uk/#,E09000007,41 Chalcot Road,,,5087431,Camden Town with Primrose Hill,E05000130,-0.1541712188587891,51.54017462910892,528104.9652930357,183977.9229422809,04/11/2021
Woolff Gallery,Camden,http://www.woolffgallery.co.uk/#,E09000007,89 Charlotte St,,,5087726,Bloomsbury,E05000129,-0.1370655353239512,51.52047104451743,529346.9649537974,181816.92353088548,04/11/2021
Lahd Gallery,Camden,http://www.lahdgallery.com/#,E09000007,92 Heath Street,,,5087751,Hampstead Town,E05000135,-0.1784994270988269,51.55821624511333,526367.9657634617,185941.9224083033,04/11/2021
The Cob Gallery,Camden,http://www.cobgallery.com/#,E09000007,205 Royal College Street,,,5087949,Camden Town with Primrose Hill,E05000130,-0.1380230145233303,51.54116049544474,529221.9649893974,184115.92290637837,04/11/2021
Edge of Arabia,Camden,http://edgeofarabia.com/#,E09000007,5 Southampton Place,,,5088047,Holborn and Covent Garden,E05000138,-0.1216230372430447,51.51812949338447,530424.9646616299,181583.9235919745,04/11/2021
Hanmi Gallery,Camden,http://www.hanmigallery.co.uk/#,E09000007,30 Maple Street,,,5088144,Bloomsbury,E05000129,-0.1389409630675663,51.52220043508069,529211.964990893,182005.9234796725,04/11/2021
Gagosian Gallery 1,Camden,http://www.gagosian.com/#,E09000007,6-24 Brittania Street,,,5088316,King's Cross,E05000141,-0.1180013927343225,51.530103753099226,530641.9646051445,182921.92322875152,04/11/2021
L. Ron HubbardÃ¢ÂÂs Fitzroy House,Camden,http://www.fitzroyhouse.org/#,E09000007,37 Fitzroy Street,,,5088512,Bloomsbury,E05000129,-0.1391881718591446,51.52250111600906,529193.9649958417,182038.92347070985,04/11/2021
Novelty Automation,Camden,http://www.novelty-automation.com/#,E09000007,1A Princeton Street,,,5105749,Holborn and Covent Garden,E05000138,-0.1169040722584161,51.51966354381933,530747.9645745027,181762.9235433376,04/11/2021
Charlie Dutton Gallery,Camden,http://www.charlieduttongallery.com/#,E09000007,1a Princeton Street,,,5105749,Holborn and Covent Garden,E05000138,-0.1169040722584161,51.51966354381933,530747.9645745027,181762.9235433376,04/11/2021
Simon Oldfield,Camden,http://simonoldfield.com/#,E09000007,Bloomsbury Square,,,5106153,Holborn and Covent Garden,E05000138,-0.1234213548908111,51.51856294776992,530298.9646957637,181628.92358005172,04/11/2021
The Gallery at 94,Camden,http://www.galleryat94.com/#,E09000007,94 Cleveland Street,,,5109564,Bloomsbury,E05000129,-0.1411588478675426,51.5226043006357,529056.96503283,182046.9234682931,04/11/2021
Tristan Hoare,Camden,http://www.tristanhoare.co.uk/#,E09000007,6 Fitzroy Square,,,5113050,Bloomsbury,E05000129,-0.13939422448342,51.52345761112495,529176.9650007103,182144.92344197404,04/11/2021
Hardy Tree Gallery,Camden,http://hardytreegallery.com/#,E09000007,119 Pancras Road,,,5135046,St. Pancras and Somers Town,E05000143,-0.128880188706023,51.533425200653554,529877.964813056,183271.9231346081,04/11/2021
University College London Museums,Camden,http://www.ucl.ac.uk/museums/#,E09000007,Gower Street,,,5157423,Bloomsbury,E05000129,-0.1340017699149367,51.524541015124136,529547.964901156,182274.92340756964,04/11/2021
Contemporary Applied Arts,Camden,http://www.caa.org.uk/#,E09000007,2 Percy Street,,,5159812,Bloomsbury,E05000129,-0.134013332220865,51.51791356463358,529565.964893397,181537.9236058941,04/11/2021
Architectural Association,Camden,http://www.aaschool.ac.uk/PUBLIC/WHATSON/exhibitions.php#,E09000007,36 Bedford Square,,,5176539,Bloomsbury,E05000129,-0.1306712038183859,51.51822006569438,529796.9648311741,181577.9235947136,04/11/2021
The Crypt Gallery,Camden,http://cryptgallery.org.uk/#,E09000007,St Pancras Church,Euston Road,,5188543,King's Cross,E05000141,-0.1301640666219375,51.52707881467916,529806.9648314815,182563.9233283422,04/11/2021
CubeFuture,Tower Hamlets,http://www.cubefuture.com/#,E09000030,33 Fournier Street,,,6001683,Spitalfields & Banglatown,E05009333,-0.0726651388473254,51.51934936754133,533817.9637391116,181807.9235343412,04/11/2021
Eleven Spitalfields,Tower Hamlets,http://www.elevenspitalfields.com/#,E09000030,11 Princelet Street,,,6001684,Spitalfields & Banglatown,E05009333,-0.0728599502611073,51.519856162371504,533802.9637433107,181863.9235190012,04/11/2021
Leyden Gallery,Tower Hamlets,http://www.leydengallery.com/#,E09000030,9/9a Leyden Street,,,6001837,Spitalfields & Banglatown,E05009333,-0.0762279062232559,51.516898948227926,533577.9638043763,181528.92361061816,04/11/2021
Brick Lane Gallery,Tower Hamlets,http://www.thebricklanegallery.com/#,E09000030,216 Brick Lane,,,6002804,Weavers,E05009335,-0.0713959666786299,51.52448129937768,533890.963720763,182380.92337747867,04/11/2021
Espacio Gallery,Tower Hamlets,http://www.espaciogallery.com/#,E09000030,159 Bethnal Green Road,,,6005162,Weavers,E05009335,-0.0705265545149414,51.525609057356014,533947.9637058304,182507.9233427627,04/11/2021
Whitechapel Gallery,Tower Hamlets,http://www.whitechapel.org/#,E09000030,77-82 Whitechapel High Street,,,6011122,Spitalfields & Banglatown,E05009333,-0.0703634289051102,51.516173036553,533986.963692274,181458.92362910457,04/11/2021
The Mews Project Space,Tower Hamlets,http://the-mews-about.blogspot.co.uk/#,E09000030,15c Osborn Street,,,6015759,Spitalfields & Banglatown,E05009333,-0.0700787431590077,51.51642913671082,534005.963687072,181487.9236213523,04/11/2021
Stolenspace Gallery,Tower Hamlets,https://www.stolenspace.com/#,E09000030,"17 Osborn St,",,,6015771,Spitalfields & Banglatown,E05009333,-0.0701344567218832,51.516475017768265,534001.9636881689,181492.92362001847,04/11/2021
Maureen Paley,Tower Hamlets,http://www.maureenpaley.com/#,E09000030,21 Herald Street,,,6015931,St. Peter's,E05009331,-0.0559822269664148,51.52525490010793,534957.8834152743,182495.27332125383,04/11/2021
Four Corners Gallery,Tower Hamlets,http://www.fourcornersfilm.co.uk/gallery#,E09000030,121 Roman Road,,,6039056,Bethnal Green,E05009317,-0.048991302945874,51.52889594535799,535432.0132912778,182913.0832050836,04/11/2021
Arebyte,Tower Hamlets,http://www.arebyte.com/#,E09000030,Unit 4,49 White Post Lane,,6077533,Bow East,E05009319,-0.0235016256622084,51.54288339666672,537157.9628318317,184515.9227968345,04/11/2021
Proof London,Tower Hamlets,http://prooflondon.com/#,E09000030,26 Cheshire Street,,,6089640,Weavers,E05009335,-0.0703877578580962,51.52345086599552,533963.9236616828,182268.18335707748,04/11/2021
Vilma Gold,Tower Hamlets,http://vilmagold.com/#,E09000030,6 Minerva Street,,,6143359,St. Peter's,E05009331,-0.059704512714282,51.53159921295051,534680.9635077538,183193.92315513804,04/11/2021
Modern Art 2,Tower Hamlets,http://www.modernart.net/#,E09000030,50-58 Vyner Street,,,6146632,St. Peter's,E05009331,-0.0547599884379267,51.53461965551646,535014.9634169801,183538.92306184556,04/11/2021
Chisenhale Gallery,Tower Hamlets,http://www.chisenhale.org.uk/#,E09000030,64 Chisenhale Road,,,6146768,Bow West,E05009320,-0.0397953218638132,51.533076085546526,536057.3931229226,183394.9630780461,04/11/2021
Forman's Smokehouse Gallery,Tower Hamlets,http://smokehousegallery.org/#,E09000030,Stour Road,Fish Island,,6151026,Bow East,E05009319,-0.0212039665099541,51.53962540032962,537327.082781548,184157.93284302787,04/11/2021
The Alexander Miles Gallery,Tower Hamlets,http://www.thealexandermilesgallery.com/,E09000030,"Unit K, The Ivory House",St.Katharine Docks,,6155400,St. Katharine's & Wapping,E05009330,-0.0712086762260059,51.50742805494044,533953.9637015625,180484.92389039436,04/11/2021
Calvert 22,Tower Hamlets,http://calvert22.org/#,E09000030,22 Calvert Avenue,,,6159644,Weavers,E05009335,-0.0762321397283168,51.5260838756287,533550.8037781982,182550.29332595636,04/11/2021
Breese Little,Tower Hamlets,http://www.breeselittle.com/#,E09000030,Unit 1,249-253 Cambridge Heath Road,,6161973,St. Peter's,E05009331,-0.0555528821160805,51.525732384712256,534986.2534028165,182549.16332117352,04/11/2021
Public Exhibitions,Tower Hamlets,http://publicexhibitions.biz/#,E09000030,"Black Gates,",Hassard Street,,6178041,Weavers,E05009335,-0.0722923964901217,51.53065451333914,533810.6837142921,183065.7631557533,04/11/2021
Union Gallery,Tower Hamlets,http://www.union-gallery.com/#,E09000030,94 Teesdale Street,,,6178788,St. Peter's,E05009331,-0.0613209764029715,51.52981451921325,534574.1135000668,182992.4832075839,04/11/2021
Cell Project Space,Tower Hamlets,http://www.cellprojects.org/#,E09000030,258 Cambridge Heath Road,,,6180728,St. Peter's,E05009331,-0.0566041931831266,51.53327970083589,534891.0234483558,183386.51306867728,04/11/2021
Unit 9,Tower Hamlets,http://www.unit9.london/#,E09000030,The Huntingdon Estate,Ebor St / Bethnal Green Rd,,6210892,Weavers,E05009335,-0.0748439419621892,51.52407936693152,533652.963784639,182329.92339126952,04/11/2021
Raven Row,Tower Hamlets,http://www.ravenrow.org/#,E09000030,56 Artillery Lane,,,6653355,Spitalfields & Banglatown,E05009333,-0.076852234775672,51.51815918091642,533530.9638172842,181667.9235727228,04/11/2021
Pitzhanger Manor House & Gallery,Ealing,http://www.pitzhanger.org.uk/#,E09000009,Walpole Park,Mattock Lane,,12141314,Walpole,E05000192,-0.3070922992581676,51.51090756913104,517575.96815388417,180466.92389570983,04/11/2021
Studio 106,Hammersmith and Fulham,http://www.studio106artgallery.org/#,E09000013,106 Dawes Road,,,34055693,Fulham Broadway,E05000254,-0.2040078632064936,51.480499616048014,524811.9661876966,177255.924770798,04/11/2021
Louise T Blouin Institute,Hammersmith and Fulham,http://www.ltbfoundation.org/#,E09000013,3 Olaf Street,,,34115265,Shepherd's Bush Green,E05000263,-0.2177596940616005,51.51008832623464,523776.9664675742,180522.9238806009,04/11/2021
Bhavan Art Gallery,Hammersmith and Fulham,http://www.bhavan.net/art-gallery#,E09000013,4a Castletown Road,,,34140084,North End,E05000258,-0.2070434309138424,51.48976350443796,524575.9662516486,178280.92449157394,04/11/2021
Hidde van Seggelen Gallery,Hammersmith and Fulham,http://www.hiddevanseggelen.com/#,E09000013,2 Michael Road,,,34144768,Sands End,E05000262,-0.1884682431793093,51.47758981129139,525898.9658949017,176958.924849384,04/11/2021
The Cynthia Corbett Gallery,Merton,http://www.thecynthiacorbettgallery.com/#,E09000024,15 Claremont Lodge,,,48022286,Raynes Park,E05000469,-0.2227773271318328,51.41551641903511,523683.966493084,169997.92674050323,04/11/2021
Bank of England Museum,City and County of the City of London,http://www.bankofengland.co.uk/education/Pages/museum/visiting/default.aspx#,E09000001,Bartholomew Lane,,,95511162,Walbrook,E05009312,-0.0876974102798382,51.51423596367373,532789.9640192119,181211.923695588,04/11/2021
Carter Lane Gallery,City and County of the City of London,http://www.carterlanegallery.com/#,E09000001,49 Carter Lane,,,95514285,Castle Baynard,E05009297,-0.1003624376939199,51.51294003695397,531914.9642548618,181044.9237398565,04/11/2021
Pumphouse Gallery,Wandsworth,http://pumphousegallery.org.uk/#,E09000032,Battersea Park,,,121032970,Queenstown,E05000620,-0.1547851554162911,51.47899807201876,528233.9652573657,177173.92479000008,04/11/2021
Brent Artists Resource,Brent,http://www.brentartistsresource.org.uk/#,E09000005,4â5Â QueenÃ¢ÂÂs Parade,,,202054057,Willesden Green,E05000105,-0.2237905909353418,51.54766993458268,523256.96661167673,184691.9227482378,04/11/2021
Crane Kalman,Kensington and Chelsea,http://cranekalman.com/#,E09000020,178 Brompton Road,,,217007694,Brompton & Hans Town,E05009389,-0.1673026860838295,51.4979710461788,527311.9655079299,179261.92422555143,04/11/2021
Hollywood Road Gallery,Kensington and Chelsea,http://www.hollywoodroadgallery.com/#,E09000020,12 Hollywood Road,,,217040769,Redcliffe,E05009402,-0.1846911488702473,51.486038419892495,526137.9658272105,177904.9245909077,04/11/2021
The Rowley Gallery,Kensington and Chelsea,http://www.rowleygallery.co.uk/#,E09000020,115 Kensington Church Street,,,217043176,Campden,E05009390,-0.1947751368386443,51.50677826413238,525380.966031731,180193.92397169385,04/11/2021
Japanese Gallery,Kensington and Chelsea,http://www.japanese-gallery.com/#,E09000020,66D Kensington Church St,,,217043283,Campden,E05009390,-0.1937807325365227,51.50532413088944,525453.9660119428,180033.92401523617,04/11/2021
Northcote Gallery Chelsea,Kensington and Chelsea,http://www.northcotegallery.com/#,E09000020,253 KingÃ¢ÂÂs Road,,,217046439,Chelsea Riverside,E05009391,-0.1719931345288612,51.48604711487272,527019.5255835608,177927.82454965287,04/11/2021
Museum of Brands,Kensington and Chelsea,http://www.museumofbrands.com/#,E09000020,111-117 Lancaster Road,,,217050374,Notting Dale,E05009399,-0.2111004707196598,51.51637172195887,524221.96634821664,181232.92368929237,04/11/2021
James Harvey British Art,Kensington and Chelsea,http://www.jhba.co.uk/#,E09000020,15 Langton Street,,,217051631,Stanley,E05009405,-0.1809198699113876,51.48235595210937,526409.9657536048,177501.92470088857,04/11/2021
Doyle Devere,Kensington and Chelsea,http://www.doyledevere.co.uk/#,E09000020,30 Ledbury Road,,,217052558,Pembridge,E05009400,-0.1987894317489159,51.51387222378175,525082.9661139935,180975.92375970865,04/11/2021
The Orangery,Kensington and Chelsea,http://www.rbkc.gov.uk/subsites/museums/theorangery.aspx#,E09000020,Holland Park,,,217064477,Campden,E05009390,-0.1877656207162116,51.50657125597892,525867.9658994594,180182.92397327645,04/11/2021
Tryon St,Kensington and Chelsea,http://www.tryonst.co.uk/#,E09000020,7-9 Tryon Street,,,217087920,Royal Hospital,E05009403,-0.162927570247624,51.49033075243624,527636.965417878,178419.92445429362,04/11/2021
Lacey Contemporary,Kensington and Chelsea,http://www.laceycontemporarygallery.co.uk/#,E09000020,8 Clarendon Cross,,,217103015,Notting Dale,E05009399,-0.2101779299816522,51.51049445654745,524301.9663251464,180580.92386617983,04/11/2021
The Dot Project,Kensington and Chelsea,http://www.thedotproject.com/#,E09000020,94 Fulham Road,,,217103153,Courtfield,E05009393,-0.1753228189031709,51.48979585178645,526777.9656516023,178338.92447508615,04/11/2021
Offer Waterman & Co,Kensington and Chelsea,http://www.waterman.co.uk/#,E09000020,11 Langton Street,,,217103621,Stanley,E05009405,-0.1808216162380594,51.482291479831545,526416.9657516992,177494.92470280593,04/11/2021
Cadogan Contemporary,Kensington and Chelsea,http://www.cadogancontemporary.com/#,E09000020,87 Old Brompton Road,,,217103741,Courtfield,E05009393,-0.1768995742100637,51.49251817122632,526660.9656832658,178638.924393697,04/11/2021
The Muse,Kensington and Chelsea,http://themuseat269.com/#,E09000020,269 Portobello Rd,,,217103948,Colville,E05009392,-0.206844851165466,51.51793441137311,524512.9662695407,181413.9236403173,04/11/2021
Medici Gallery (south Kensington),Kensington and Chelsea,http://www.medicigallery.co.uk/c/183/Contact,E09000020,26 Thurloe Street,,,217104170,Brompton & Hans Town,E05009389,-0.1736017603515019,51.49429237762958,526884.9656226847,178841.924339424,04/11/2021
GGGallery,Kensington and Chelsea,http://www.gggallery.co.uk/#,E09000020,15b Blenheim Crescent,,,217106096,Colville,E05009392,-0.2056662717493832,51.51565024734415,524600.9662454559,181161.92370896804,04/11/2021
Richard Young Gallery,Kensington and Chelsea,http://www.richardyounggallery.co.uk/#,E09000020,4 Holland Street,,,217106179,Campden,E05009390,-0.1921250728715442,51.503311605461576,525574.3959719792,179812.9640533695,04/11/2021
Hackelbury,Kensington and Chelsea,http://www.hackelbury.co.uk/#,E09000020,4 Launceston Place,,,217106588,Queen's Gate,E05009401,-0.1853417163445101,51.499033895881766,526056.9658481888,179348.92420063418,04/11/2021
Richard Green 2,City of Westminster,http://www.richard-green.com/#,E09000033,33 New Bond Street,,,10033538913,West End,E05000649,-0.1436244012533257,51.51174868489209,528916.5650462508,180835.4237980704,04/11/2021
The Foundry Gallery,Kensington and Chelsea,http://www.thefoundrygallery.org/#,E09000020,39 Old Church Street,,,217106994,Chelsea Riverside,E05009391,-0.1723267456959881,51.48438957011454,527000.9655913399,177742.92463588814,04/11/2021
The Little Black Gallery,Kensington and Chelsea,http://www.thelittleblackgallery.com/#,E09000020,13A Park Walk,,,217107061,Stanley,E05009405,-0.1798275159215542,51.48591807296405,526475.9657347733,177899.92459285457,04/11/2021
Saatchi Gallery,Kensington and Chelsea,http://www.saatchi-gallery.co.uk/#,E09000020,Duke of York's HQ,King's Road,,217110596,Royal Hospital,E05009403,-0.1586958087131313,51.49060611024564,527929.9653384807,178457.9244434932,04/11/2021
Graffik Gallery,Kensington and Chelsea,http://graffikgallery.com/#,E09000020,284 Portobello Road,,,217113237,Golborne,E05009396,-0.2074232388017778,51.51935509320047,524468.9662811921,181570.92359750083,04/11/2021
Flying Colours Gallery,Kensington and Chelsea,http://www.flyingcoloursgallery.com/#,E09000020,6 Burnsall Street,,,217115299,Stanley,E05009405,-0.1661862212369484,51.48881702702945,527414.965478184,178245.92450133612,04/11/2021
Michael Hoppen Gallery,Kensington and Chelsea,http://www.michaelhoppengallery.com/#,E09000020,3 Jubilee Place,,,217120296,Stanley,E05009405,-0.1660217400287086,51.488967330381406,527425.9654751923,178262.9244967649,04/11/2021
Dreamspace Gallery,Islington,https://adremgroup.com/dreamspace-gallery/#,E09000019,3 Dufferin Street,,,5300028758,Bunhill,E05000367,-0.0924072372292085,51.52258598667444,532438.9641139281,182131.9234455058,04/11/2021
Bloomberg Space,Islington,http://www.bloombergspace.com/#,E09000019,50 Finsbury Square,,,5300033404,Bunhill,E05000367,-0.0871387242087446,51.52000016879588,532811.9640128042,181853.92352147677,04/11/2021
Arcade,Islington,http://arcadefinearts.com/#,E09000019,87 Lever Street,,,5300056285,Bunhill,E05000367,-0.0964174076322577,51.52701263768808,532147.9641943168,182616.92331427708,04/11/2021
Sway Gallery,Islington,http://www.sway-gallery.com/#,E09000019,70-72 Old Street,,,5300069554,Bunhill,E05000367,-0.0951779751064024,51.52424073682208,532241.9641678295,182310.9233971576,04/11/2021
Islington Arts Factory,Islington,http://www.islingtonartsfactory.org/#,E09000019,2 Parkhurst Rd,,,5300075947,Holloway,E05000375,-0.1228480512123427,51.55421886757041,530236.9647137888,185594.92250381835,04/11/2021
James Freeman Gallery,Islington,http://www.sesameart.com/#,E09000019,354 Upper Street,,,5300095173,St. Peter's,E05000380,-0.1045067563442477,51.53460763046594,531564.9643548932,183446.9230881838,04/11/2021
Curious Duke Gallery,Islington,http://curiousdukegallery.com/#,E09000019,173 Whitecross Street,,,5300102398,Bunhill,E05000367,-0.0935290257736793,51.523683360992905,532357.9641360305,182251.92341297815,04/11/2021
Space Station 65,Lambeth,http://spacestationsixtyfive.com/#,E09000022,373 Kennington Road,,,10000445110,Prince's,E05000427,-0.1107657251007168,51.48652547728556,531268.9644324739,178088.92454243364,04/11/2021
CGP London,Southwark,http://cgplondon.org/#,E09000028,1 Park Approach,Southwark Park,,10000811263,Rotherhithe,E05011112,-0.0539056987962411,51.49414758259677,535193.963365807,179039.9242869235,04/11/2021
Purdy Hicks,Southwark,http://www.purdyhicks.com/#,E09000028,65 Hopton Street,,,10000811558,Borough & Bankside,E05011095,-0.102016600558656,51.50747222573279,531815.964281091,180433.92390632196,04/11/2021
Bethlem Gallery,Bromley,http://bethlemgallery.com/#,E09000006,Bethlem Royal Hospital,Monks Orchard Road,,10003615210,Kelsey and Eden Park,E05000120,-0.029725744310886,51.38092832778922,537210.9628151646,166494.92769622878,04/11/2021
Sprout Community Arts,Wandsworth,http://www.sproutarts.com/#,E09000032,74 Moyser Road,,,10008157629,Furzedown,E05000615,-0.1472034359933635,51.424031729348286,528914.9650715027,171074.92644952371,04/11/2021
Flowers Gallery East,Hackney,http://www.flowersgallery.com/#,E09000012,82 Kingsland Road,,,10008242588,Haggerston,E05009375,-0.0771464214620505,51.529647625412295,533476.9638336031,182944.9232232186,04/11/2021
Parasol unit,Hackney,http://www.parasol-unit.org/#,E09000012,14 Wharf Road,,,10008244219,Hoxton West,E05009378,-0.0950089487595565,51.530377120881006,532235.9141226999,182993.60320428436,04/11/2021
Five Years,Hackney,http://www.fiveyears.org.uk/#,E09000012,"Unit 66, Regent Studios",8 Andrews Road,,10008244601,London Fields,E05009381,-0.0602162308162057,51.53550144468921,534633.9635197859,183626.92303753243,04/11/2021
Rocket Gallery,Hackney,http://www.rocketgallery.com/#,E09000012,56 Shoreditch High Street,,,10008304903,Hoxton East & Shoreditch,E05009377,-0.0766894152107547,51.52407369943361,533524.96381906,182325.9233922753,04/11/2021
Hoxton Art Gallery,Hackney,http://www.hoxtonartgallery.co.uk/#,E09000012,64 Charlotte Road,,,10008317965,Hoxton East & Shoreditch,E05009377,-0.0810789451057717,51.52630389934748,533213.9639028559,182565.92332639248,04/11/2021
Galerie8,Hackney,http://www.galerie8.co.uk/#,E09000012,203 Richmond Road,,,10008325659,Hackney Central,E05009372,-0.0570884039707175,51.54359430027846,534826.9834232866,184532.63275412424,04/11/2021
The Proud Archivist,Hackney,http://www.theproudarchivist.co.uk/#,E09000012,"The Archivist, Unit V Reliance Wharf",2-10 Hertford Road,,10008329599,De Beauvoir,E05009371,-0.0787071274342672,51.53726349291777,533346.4638692783,183788.98299117864,04/11/2021
Charlie Smith,Hackney,http://charliesmithlondon.com/#,E09000012,336 Old Street,,,10008336390,Hoxton East & Shoreditch,E05009377,-0.0814418013470698,51.52658861238737,533187.9639099931,182596.9233179539,04/11/2021
Unit G Gallery,Hackney,http://unitg.london/gallery/#,E09000012,12A Collent Street,,,10008339282,Homerton,E05009376,-0.0476269716314704,51.54404540250602,535481.683257832,184600.26274123893,04/11/2021
BSMT Space,Hackney,http://www.bsmt.co.uk/#,E09000012,5d Stoke Newington Road,,,10008342181,Shacklewell,E05009382,-0.0754045076167175,51.55077848634022,533535.9638142965,185297.92258389725,04/11/2021
Modern Art 1,Islington,http://www.modernart.net/#,E09000019,4-8 Helmet Row,,,10008977815,Bunhill,E05000367,-0.0945247333764259,51.52503946467612,532284.9641560469,182400.9233726781,04/11/2021
Vibe Gallery,Southwark,https://www.thegalleryguide.co.uk/galleries/vibe-gallery,E09000028,100 ClementÃ¢ÂÂs Road,,,10009799375,North Bermondsey,E05011106,-0.0622353207483533,51.49476219386892,534613.963523729,179092.92427171028,04/11/2021
Royal Observatory,Greenwich,http://www.rmg.co.uk/royal-observatory#,E09000011,Blackheath Avenue,,,10010200750,Greenwich West,E05000222,-0.0008497192490031,51.477347170338845,538927.8523034201,177271.02474039426,04/11/2021
All Visual Arts,Islington,http://www.allvisualarts.org/,E09000019,2 Omega Place,,,10012789978,Caledonian,E05000368,-0.1203963336236463,51.53146407783977,530471.9646514746,183068.9231889132,04/11/2021
Cubitt Gallery,Islington,http://cubittartists.org.uk/#,E09000019,8 Angel Mews,,,10012791474,Barnsbury,E05000366,-0.1078446953551433,51.53235040373963,531339.9644160593,183189.92315761637,04/11/2021
Unit 24,Southwark,http://unit24.info/#,E09000028,20 Great Guildford Street,,,10013527858,Borough & Bankside,E05011095,-0.0978870047584544,51.50593950157251,532106.9642030598,180270.92395025076,04/11/2021
Vitrine,Southwark,http://www.vitrinegallery.co.uk/#,E09000028,15 Bermondsey Square,,,10013529059,London Bridge & West Bermondsey,E05011104,-0.0807512412662026,51.49739118125488,533321.0538416267,179351.3941697855,04/11/2021
Horatio Jr,Southwark,http://www.horatiojr.com/#,E09000028,"The Lord Nelson, 66 Canon Beck Road",,,10013529797,Rotherhithe,E05011112,-0.0495226711970965,51.501149810795205,535477.4432676821,179826.674072541,04/11/2021
The Wandsworth Museum,Wandsworth,http://www.wandsworthmuseum.co.uk/#,E09000032,38 West Hill,,,10024086836,Fairfield,E05000614,-0.2004767752789343,51.457136413584905,525120.9661046766,174663.92547280423,04/11/2021
Skarstedt Gallery,City of Westminster,http://www.skarstedt.com/#,E09000033,8 Bennet Street,,,10033524577,St. James's,E05000644,-0.1406078132444656,51.50711911725937,529138.9650107411,180325.9239363589,04/11/2021
Scream,City of Westminster,http://www.screamlondon.com/#,E09000033,27 - 28 Eastcastle Street,,,10033525838,West End,E05000649,-0.1385303881307377,51.51671735945587,529255.9649775077,181396.9236445561,04/11/2021
Ben Brown Fine Arts,City of Westminster,http://www.benbrownfinearts.com/#,E09000033,12 BrookÃ¢ÂÂs Mews,,,10033526904,West End,E05000649,-0.1460132598946329,51.512402468016255,528748.9651159651,180903.9237796315,04/11/2021
Marlborough Fine Art,City of Westminster,http://www.marlboroughfineart.com/#,E09000033,6 Albemarle Street,,,10033528809,West End,E05000649,-0.1408516737552217,51.50856181680288,529117.9650166916,180485.92389301688,04/11/2021
Messum's,City of Westminster,http://www.messums.com/#,E09000033,28 Cork Street,,,10033532792,West End,E05000649,-0.1414077648867812,51.5104770846591,529073.9650283009,180697.9238353397,04/11/2021
Serpentine Gallery,City of Westminster,http://www.serpentinegallery.org/#,E09000033,Kensington Gardens,,,10033534401,Knightsbridge and Belgravia,E05000637,-0.1749830220386838,51.5047903535116,526759.9656590266,180006.92402174784,04/11/2021
Frith Street Gallery,City of Westminster,http://www.frithstreetgallery.com/#,E09000033,17-18 Golden Square,,,10033534803,West End,E05000649,-0.1369972555049264,51.51119847307912,529377.9649459459,180785.9238109856,04/11/2021
Sprovieri,City of Westminster,http://www.sprovieri.com/london/#,E09000033,23 Heddon Street,,,10033536350,West End,E05000649,-0.1398824792385247,51.51112735891863,529177.9650000524,180772.92381477536,04/11/2021
Berloni,City of Westminster,http://www.berlonigallery.com/#,E09000033,63 Margaret Street,,,10033537907,West End,E05000649,-0.1402629033868067,51.51664592065967,529135.9650102067,181385.9236477479,04/11/2021
Chelsea Space,City of Westminster,http://www.chelseaspace.org/#,E09000033,Chelsea College of Arts,16 John Islip Street,,10033538283,Vincent Square,E05000646,-0.1282358353968019,51.490438663665806,530044.9647639471,178492.92443184194,04/11/2021
Olivier Malingue,City of Westminster,http://oliviermalingue.com/#,E09000033,1st Floor,143 New Bond St,,10033538864,West End,E05000649,-0.1440467280291777,51.511499076024485,528887.96507843,180806.92380586997,04/11/2021
Richard Green 1,City of Westminster,http://www.richard-green.com/#,E09000033,147 New Bond Street,,,10033538867,West End,E05000649,-0.1438668056327597,51.51131637486581,528900.9650749373,180786.9238113023,04/11/2021
Photographers' Gallery,City of Westminster,http://thephotographersgallery.org.uk/#,E09000033,16-18 Ramillies St,Soho,,10033542105,West End,E05000649,-0.1390214024698178,51.51492660926425,529226.9649858592,181196.92369912827,04/11/2021
The Aram Gallery,City of Westminster,http://www.thearamgallery.org/#,E09000033,110 Drury Lane,,,10033550729,St. James's,E05000644,-0.1188797771629647,51.51334635691411,530628.9646054652,181056.92373437612,04/11/2021
White Cube,City of Westminster,http://whitecube.com/#,E09000033,25-26 MasonÃ¢ÂÂs Yard,,,10033550744,St. James's,E05000644,-0.137158000936012,51.50761293237783,529376.9649465696,180386.9239196872,04/11/2021
Willow Gallery,City of Westminster,http://www.willowgallery.com/#,E09000033,40 - 41 Duke Street,St James's,,10033555200,St. James's,E05000644,-0.1379822047443762,51.50734985328702,529320.514949539,180356.21390606085,04/11/2021
Blain Southern,City of Westminster,http://www.blainsouthern.com/#,E09000033,4 Hanover Square,,,10033556658,West End,E05000649,-0.1430140397276997,51.51385680532657,528952.9650604835,181070.9237338637,04/11/2021
Albemarle Gallery,City of Westminster,http://www.albemarlegallery.com/#,E09000033,49 Albemarle Street,,,10033567550,West End,E05000649,-0.1412048653493719,51.508027851964414,529094.9650227961,180425.9239092894,04/11/2021
Queen's Gallery,City of Westminster,http://www.royalcollection.org.uk/default.asp?action=article&ID=32#,E09000033,Buckingham Palace Road,,,10033569645,St. James's,E05000644,-0.142782302975588,51.49971659414313,529008.9650448479,179498.92416009278,04/11/2021
Rosenfeld Porcini,City of Westminster,http://rosenfeldporcini.com/#,E09000033,37 Rathbone Street,,,10033569652,West End,E05000649,-0.1359920485761106,51.51852055731285,529426.9649313301,181601.9235888529,04/11/2021
Lisson Gallery 1,City of Westminster,http://www.lissongallery.com/#,E09000033,67 Lisson St,Marylebone,,10033571495,Church Street,E05000634,-0.1681329654063116,51.521086206482046,527189.9655407292,181830.92352561007,04/11/2021
London Print Studio,City of Westminster,http://www.londonprintstudio.org.uk/#,E09000033,425 Harrow Rd,,,10033572217,Harrow Road,E05000635,-0.2054879066222829,51.5256832855009,524585.9662478651,182277.92340450647,04/11/2021
Eykyn Maclean,City of Westminster,http://www.eykynmaclean.com/#,E09000033,30 St George Street,,,10033579746,West End,E05000649,-0.1427711840269505,51.512387149472886,528973.9650550212,180907.9237782441,04/11/2021
Laurent Delaye Gallery,City of Westminster,http://www.laurentdelaye.com/#,E09000033,11 Savile Row,,,10033580791,West End,E05000649,-0.1399898873689699,51.51096719340946,529170.9650019814,180754.92381969,04/11/2021
Pyms Gallery,City of Westminster,http://www.pymsgallery.com/#,E09000033,9 Mount Street,,,10033584285,West End,E05000649,-0.1484901565295932,51.51031931485576,528582.9651609759,180667.92384409197,04/11/2021
Imitate Modern,City of Westminster,http://imitatemodern.com/#,E09000033,19 Shepherd Market,,,10033585747,West End,E05000649,-0.1468176160543667,51.50643503107427,528709.9651266211,180238.9239599713,04/11/2021
Debut Contemporary,City of Westminster,http://www.debutcontemporary.com/#,E09000033,82 Westbourne Grove,,,10033585998,Bayswater,E05000631,-0.1932394001317131,51.51536058285331,525463.9660103163,181150.92371178843,04/11/2021
Mark Gallery,City of Westminster,http://www.markgallery.co.uk/#,E09000033,9 Porchester Place,,,10033586949,Hyde Park,E05000636,-0.1655285117534178,51.51487653484639,527387.9654878799,181144.92371116043,04/11/2021
Halcyon Gallery I,City of Westminster,http://www.halcyongallery.com/#,E09000033,144-146 New Bond Street,,,10033587866,West End,E05000649,-0.1439787357237954,51.51139908040521,528892.9650770905,180795.923808861,04/11/2021
PM/AM,City of Westminster,http://www.pmam.org/#,E09000033,259-269 Old Marylebone Road,,,10033588738,Bryanston and Dorset Square,E05000632,-0.166762924310415,51.51823211409174,527292.9655129205,181515.92360982177,04/11/2021
Graham Hunter Gallery,City of Westminster,http://www.grahamhuntergallery.co.uk/#,E09000033,81 Baker Street,,,10033590107,Marylebone High Street,E05000641,-0.1569210450390831,51.51994836830315,527970.9653274484,181723.9235553,04/11/2021
Sims Reed Gallery,City of Westminster,http://gallery.simsreed.com/#,E09000033,The Economist Building,30 Bury Street,,10033591023,St. James's,E05000644,-0.1387875096187376,51.50689267564307,529265.9249372766,180303.9539104709,04/11/2021
Getty Images Gallery,City of Westminster,http://www.gettyimagesgallery.com/#,E09000033,46 Eastcastle Street,,,10033592323,West End,E05000649,-0.139137811485731,51.51631333282041,529214.9649887758,181350.92365716427,04/11/2021
Sadie Coles HQ,City of Westminster,http://www.sadiecoles.com/#,E09000033,62 Kingly Street,Mayfair,,10033594510,West End,E05000649,-0.1390704254148747,51.51231050871011,529230.9649854286,180905.923778454,04/11/2021
Waddington Custot Galleries,City of Westminster,http://www.waddingtoncustot.com/#,E09000033,11 Cork Street,,,10033594958,West End,E05000649,-0.1415955920867622,51.51011135964574,529061.9650316128,180656.9238465272,04/11/2021
Heartbreak,City of Westminster,http://www.heart-break.co.uk/#,E09000033,17 Bulstrode Street,,,10033596047,Marylebone High Street,E05000641,-0.1509608246425848,51.51763337698449,528390.9652130576,181476.9236240175,04/11/2021
Bernard Jacobson Gallery,City of Westminster,http://www.jacobsongallery.com/#,E09000033,6 Cork Street,,,10033601869,West End,E05000649,-0.1419236798356135,51.51054820751197,529037.9650380167,180704.9238334765,04/11/2021
St Petersburg Gallery,City of Westminster,http://www.saintpetersburggallery.com/#,E09000033,5A Cork St,Mayfair,,10033601869,West End,E05000649,-0.1419236798356135,51.51054820751197,529037.9650380167,180704.9238334765,04/11/2021
Michael Werner Gallery,City of Westminster,http://www.michaelwerner.com/#,E09000033,22 Upper Brook Street,,,10033602320,West End,E05000649,-0.1560718658334074,51.51135600229848,528053.9653056153,180769.9238158029,04/11/2021
Workplace Gallery,City of Westminster,http://www.workplacegallery.co.uk/#,E09000033,61 Conduit Street,,,10033604984,West End,E05000649,-0.1408708854176668,51.51268977540434,529104.9650194758,180944.9237679889,04/11/2021
Paradise Row,City of Westminster,http://www.paradiserow.com/#,E09000033,74 Newman Street,,,10033614774,West End,E05000649,-0.1359131553909429,51.51762902437512,529434.9649287881,181502.9236155224,04/11/2021
Edel Assanti,City of Westminster,http://www.edelassanti.com/#,E09000033,74A Newman Street,,,10033614780,West End,E05000649,-0.1359131553909429,51.51762902437512,529434.9649287881,181502.9236155224,04/11/2021
Rook & Raven,City of Westminster,http://www.rookandraven.co.uk/#,E09000033,7 Rathbone Place,,,10033616135,West End,E05000649,-0.1330487789677081,51.516828084274856,529635.9648742904,181418.92363793828,04/11/2021
Partners & Mucciaccia,City of Westminster,http://partnersandmucciaccia.net/#,E09000033,45 Dover Street,,,10033616760,West End,E05000649,-0.1418026365944075,51.507857469567234,529053.9650338347,180405.92391473585,04/11/2021
James Hyman Fine Art,City of Westminster,http://www.jameshymanfineart.com/#,E09000033,5 Saville Row,,,10033619032,West End,E05000649,-0.1398173084738624,51.51060474810336,529183.9649985501,180714.92383057787,04/11/2021
Hauser & Wirth 2,City of Westminster,http://www.hauserwirth.com/#,E09000033,23 Saville Row,,,10033621621,West End,E05000649,-0.1407982544830997,51.511996185644506,529111.9650177232,180867.92378896495,04/11/2021
Great Western Studios,City of Westminster,http://www.greatwesternstudios.com/#,E09000033,65 Alfred Street,,,10033624231,Westbourne,E05000648,-0.1963091710524647,51.521199081444,525234.9660721848,181794.92353622377,04/11/2021
Aktis Gallery,City of Westminster,http://aktis-gallery.co.uk/#,E09000033,10-11 Park Place,,,10033625370,St. James's,E05000644,-0.1399513507029763,51.5062544006683,529186.9649975898,180230.9239621013,04/11/2021
Chris Beetles Photographs,City of Westminster,http://www.chrisbeetlesfinephotographs.com/#,E09000033,3-5 Swallow Street,,,10033625765,West End,E05000649,-0.1374085679844605,51.50919944963192,529355.0849478013,180562.90385222045,04/11/2021
Courtauld Institute of Art,City of Westminster,http://courtauld.ac.uk/#,E09000033,StrandÂ ,,,10033626384,St. James's,E05000644,-0.1176824806016359,51.51092608537003,530718.9645803631,180789.92380670592,04/11/2021
"Pertwee,  Anderson & Gold",City of Westminster,http://www.pertweeandersongold.com/#,E09000033,15 Bateman Street,,,10033628259,West End,E05000649,-0.1322435187885283,51.51396457438275,529699.9648577279,181101.92372421693,04/11/2021
David Gill,City of Westminster,http://www.davidgillgallery.com/#,E09000033,2-4 King Street,,,10033629513,St. James's,E05000644,-0.1369184896802281,51.5067728054395,529395.9649412029,180293.923944971,04/11/2021
Whitfield Fine Art,City of Westminster,http://www.whitfieldfineart.com/#,E09000033,1st floor,23 Dering Street,,10033630031,West End,E05000649,-0.1455199919305717,51.51425615935236,528777.9651079362,181110.9237232193,04/11/2021
Thomas Dane Gallery,City of Westminster,http://www.thomasdanegallery.com/#,E09000033,11 Duke Street,,,10033630669,St. James's,E05000644,-0.1375445311329662,51.50732231112251,529350.9649535129,180353.92392867152,04/11/2021
Victoria Miro Gallery II,City of Westminster,http://www.victoria-miro.com/#,E09000033,14 St George Street,,,10033631243,West End,E05000649,-0.1436440487585195,51.512895565662426,528911.9650717449,180962.92376334564,04/11/2021
Alison Jacques Gallery,City of Westminster,http://www.alisonjacquesgallery.com/,E09000033,16-18 Berners Street,,,10033631411,West End,E05000649,-0.1365535506381616,51.51747733048941,529390.9649407107,181484.9236204389,04/11/2021
Fold,City of Westminster,http://www.foldgallery.com/#,E09000033,158 New Cavendish Street,,,10033632030,West End,E05000649,-0.1394412981269541,51.52053572792845,529181.9649985064,181819.9235299981,04/11/2021
Annely Juda Fine Art,City of Westminster,http://www.annelyjudafineart.co.uk/#,E09000033,4th floor,23 Dering Street,,10033633944,West End,E05000649,-0.1455199919305717,51.51425615935236,528777.9651079362,181110.9237232193,04/11/2021
Gagosian Gallery 2,City of Westminster,http://www.gagosian.com/#,E09000033,17-19 Davies Street,,,10033634159,West End,E05000649,-0.1477397815156114,51.51105386177952,528632.9651474411,180750.9238214369,04/11/2021
Medici Gallery,Islington,http://www.medici.co.uk/,E09000019,"19-23 White Lion Street,",,,10090266504,Barnsbury,E05000366,-0.1081187049026036,51.53269654671579,531319.9644215564,183227.92314720008,04/11/2021
Guardian News & Media,Islington,http://www.guardian.co.uk/gnmexhibitions#,E09000019,"Kings Place, 90 York Way",,,10090266525,Caledonian,E05000368,-0.1215483953286914,51.534998686752886,530381.9646755547,183459.9230823645,04/11/2021
The Sunday Painter,Southwark,http://www.thesundaypainter.co.uk/#,E09000028,1st Floor,12-16 Blenheim Grove,,10090286666,Rye Lane,E05011113,-0.069199645910548,51.46973315539435,534203.9636349685,176296.92502834788,04/11/2021
Beers London,Islington,http://beerslondon.com/#,E09000019,1 Baldwin Street,,,10090548970,Bunhill,E05000367,-0.0888920943416495,51.52700709415976,532669.9640510227,182629.92330954265,04/11/2021
Pangolin London,Islington,http://www.pangolinlondon.com/#,E09000019,90 York Way,,,10090550427,Caledonian,E05000368,-0.1215483953286914,51.534998686752886,530381.9646755547,183459.9230823645,04/11/2021
William Benington,Islington,http://williambeningtongallery.co.uk/#,E09000019,20 Arlington Way,,,10091004086,Clerkenwell,E05000370,-0.10610285387224,51.53020001297787,531466.9643811279,182953.9232223153,04/11/2021
Maestro Arts,Wandsworth,http://www.maestroarts.com/#,E09000032,One Eastfields Avenue,,,10091499728,Thamesfield,E05000625,-0.1981313352414506,51.461866574552936,525270.9660642425,175193.92532905017,04/11/2021
Plus One Gallery,Wandsworth,http://www.plusonegallery.com/#,E09000032,89-91 Pimlico Road,,,10091504329,St. Mary's Park,E05000622,-0.1849081093688704,51.46314652287837,526185.9658151063,175358.92528511764,04/11/2021
Son Gallery,Southwark,http://cargocollective.com/songallery/About,E09000028,Unit 9C,133 Copeland Road,,10091666064,Rye Lane,E05011113,-0.0657393088386392,51.47000809956524,534443.483528369,176333.845001493,04/11/2021
ICN,Hackney,http://www.icn-global.com/#,E09000012,96-98 Leonard Street,,,10091782215,Hoxton East & Shoreditch,E05009377,-0.0816903089790548,51.52458740791301,533176.5638882297,182373.933327528,04/11/2021
Amstel Art Gallery,Lambeth,http://amstelart.com/#,E09000022,7 St George Wharf,,,10091846195,Oval,E05000426,-0.1265426287497936,51.48535772871983,530176.9647287838,177930.92458573863,04/11/2021
Pace London 1,City of Westminster,http://www.pacegallery.com/#,E09000033,6 Burlington Gardens,,,10091853844,West End,E05000649,-0.140114997034201,51.509665234044576,529165.9650036219,180609.9238592192,04/11/2021
Pollock's Toy Museum,Camden,http://pollockstoys.com/#,E09000007,1 Scala Street,,,10091857645,Bloomsbury,E05000129,-0.1352836978889292,51.52033482106796,529470.9649201536,181804.9235341663,04/11/2021
Asia House,City of Westminster,http://asiahouse.org/#,E09000033,63 New Cavendish Street,,,10091858261,Marylebone High Street,E05000641,-0.1462209475622201,51.51970782107731,528713.9651252041,181715.92355818697,04/11/2021
Coningsby Gallery,Camden,https://www.coningsbygallery.com/#,E09000007,30 Tottenham Street,Fitzrovia,,10091859525,Bloomsbury,E05000129,-0.1361184628481549,51.52036607311173,529412.9649358799,181806.9235336078,04/11/2021
Blackhall Studios,Hackney,http://www.blackallstudios.com/#,E09000012,73 Leonard Street,,,10091941036,Hoxton East & Shoreditch,E05009377,-0.0829420937274627,51.52485060560033,533088.9639360856,182400.92337134716,04/11/2021
ASC Gallery,Southwark,http://www.ascstudios.co.uk/asc-gallery/#,E09000028,"Taplow House,",Thurlow Street,,10093339547,Faraday,E05011102,-0.0866201876859992,51.48835521926208,532939.9639787868,178335.92447604833,04/11/2021
Newport Street,Lambeth,http://www.newportstreetgallery.com/#,E09000022,3 Newport Street,,,10093376049,Prince's,E05000427,-0.1169773630135305,51.49343133765147,530817.9645547344,178845.7542916488,04/11/2021
Paul McPherson Gallery,Greenwich,http://www.paulmcgallery.com/#,E09000011,77 Lassell Street,,,100020981999,Peninsula,E05000225,0.0018646687152258,51.4847011123714,539093.9623068937,178093.9245410452,04/11/2021
Galleries Goldstein,Hackney,http://galleriesgoldstein.com/#,E09000012,"Goodhood, 20 Coronet Street",,,100021034288,Hoxton East & Shoreditch,E05009377,-0.0822945453396819,51.52722306335659,533126.9639267521,182665.9232991901,04/11/2021
Danielle Arnaud,Lambeth,http://www.daniellearnaud.com/#,E09000022,123 Kennington Road,,,100021856991,Prince's,E05000427,-0.1104523074870075,51.49480273222897,531266.9644323696,179009.92429169634,04/11/2021
Caroline Wiseman,Lambeth,http://www.carolinewiseman.com/#,E09000022,26 Lansdowne Gardens,,,100021862472,Stockwell,E05000429,-0.1264124990280913,51.47657880376012,530210.9647172565,176954.92485149874,04/11/2021
Lisson Gallery 2,City of Westminster,http://www.lissongallery.com/#,E09000033,27 Bell St,Marylebone,,100022725884,Church Street,E05000634,-0.1696538526452971,51.52090311546865,527084.9655692626,181807.9235318374,04/11/2021
Rossi & Rossi,City of Westminster,http://www.rossirossi.com/#,E09000033,"21 Georgian House,",10 Bury Street,,100022730755,St. James's,E05000644,-0.1381710020265954,51.50680168700308,529308.9649647283,180294.92394471768,04/11/2021
Fiumano Fine Art,City of Westminster,http://www.fiumanofineart.com/#,E09000033,27 Connaught Street,,,100022738339,Hyde Park,E05000636,-0.165488598782255,51.51443526959329,527391.965486936,181095.9237246188,04/11/2021
Ambika P3,City of Westminster,http://www.p3exhibitions.com/#,E09000033,"Uni. of Westminster,",35 Marylebone Road,,100022779973,Marylebone High Street,E05000641,-0.154574012008702,51.522024748342766,528127.965284256,181958.92349116795,04/11/2021
CNB Gallery,Hackney,http://cnbgallery.com/#,E09000012,32 Rivington Street,,,100022932983,Hoxton East & Shoreditch,E05009377,-0.0816312663486474,51.525854318391616,533176.9639125257,182514.9233402257,04/11/2021
Red Gallery,Hackney,http://www.redgallerylondon.com/#,E09000012,3 Rivington Street,,,100022933139,Hoxton East & Shoreditch,E05009377,-0.0832615282894683,51.52616876012772,533062.9639432849,182546.923331463,04/11/2021
Signal Gallery,Hackney,http://www.signalgallery.com/#,E09000012,32 Paul Street,,,100022933332,Hoxton East & Shoreditch,E05009377,-0.0839912273545069,51.523554831965846,533019.963955043,182254.9234114196,04/11/2021
The Residence,Hackney,http://www.residence-gallery.com/#,E09000012,229 Victoria Park Road,,,100023024966,Victoria,E05009386,-0.0441471019473625,51.53832806104461,535739.9632170296,183970.92294554945,04/11/2021
The Sherlock Holmes Museum,City of Westminster,http://www.sherlock-holmes.co.uk/#,E09000033,239 (221b) Baker Street,,,100023071949,Bryanston and Dorset Square,E05000632,-0.1585549588742909,51.52375095151534,527846.9653608254,182143.9234409415,04/11/2021
Mercer Chance,Hackney,http://www.mercerchance.co.uk/#,E09000012,253 Hoxton Street,,,100023135423,Hoxton East & Shoreditch,E05009377,-0.0805296401101272,51.53387567849696,533229.9639025496,183408.92309718495,04/11/2021
Daniel Blau,Hackney,http://www.danielblau.com/#,E09000012,51 Hoxton Square,,,100023135514,Hoxton East & Shoreditch,E05009377,-0.0816604326826049,51.52717302567572,533171.0939197578,182661.51326619787,04/11/2021
Waterside Contemporary,Hackney,http://waterside-contemporary.com/#,E09000012,2 Clunbury Street,,,100023135532,Hoxton West,E05009378,-0.0853081271543338,51.53202047014443,532903.9639902017,183193.9231561229,04/11/2021
Standpoint,Hackney,http://www.standpointlondon.co.uk/#,E09000012,45 Coronet Street,Hoxton,,100023136399,Hoxton East & Shoreditch,E05009377,-0.081825161997913,51.52707149814657,533159.9639177918,182649.9233035444,04/11/2021
Narenj Art Gallery,Haringey,http://www.narenj.co.uk/#,E09000014,94 Alexandra Park Road,,,100023143066,Alexandra,E05000266,-0.138659381234413,51.59835397636802,529015.9650455614,190474.9211782638,04/11/2021
Highgate Contemporary Art,Haringey,http://www.highgateart.com/#,E09000014,26 Highgate High Street,,,100023196853,Highgate,E05000272,-0.1464301096357511,51.57061837663757,528555.9651714028,187376.92201864737,04/11/2021
Morley College Gallery,Lambeth,https://www.morleycollege.ac.uk/facilities/the-gallery#,E09000022,61 Westminster Bridge Road,,,100023225348,Bishop's,E05000416,-0.1099504288309214,51.49787915868336,531292.964425035,179352.92419991316,04/11/2021
Gasworks Gallery,Lambeth,http://www.gasworks.org.uk/#,E09000022,155 Vauxhall Street,,,100023230142,Oval,E05000426,-0.1154323078506058,51.48513474815089,530948.9645182329,177925.92458831135,04/11/2021
Blackheath Gallery,Lewisham,http://www.blackheath-gallery.co.uk/#,E09000023,34a Tranquil Vale,,,100023267656,Blackheath,E05000438,0.0089528523183239,51.466396370195184,539641.9621554753,176071.92508948193,04/11/2021
Bearspace,Lewisham,http://www.bearspace.co.uk/#,E09000023,152 Deptford High Street,,,100023280386,Evelyn,E05000443,-0.025841546505554,51.47949639915854,537185.9628235615,177462.92471279833,04/11/2021
Foss Fine Art,Wandsworth,http://fossfineart.com/#,E09000032,113b Northcote Road,,,100023304718,Northcote,E05000619,-0.1652266982726628,51.45707595357453,527569.9654370281,174717.92546030623,04/11/2021
Northcote Gallery Battersea,Wandsworth,http://www.northcotegallery.com/#,E09000032,110 Northcote Road,,,100023304739,Northcote,E05000619,-0.1657816324436853,51.456877801386966,527531.9654473275,174694.92546656786,04/11/2021
Kristin Hjellegjerde,Wandsworth,http://kristinhjellegjerde.com/#,E09000032,533 Old York Road,,,100023326939,Fairfield,E05000614,-0.1887974125698829,51.459816371735066,525924.9658849277,174981.92538832407,04/11/2021
John Adams Fine Art,City of Westminster,http://www.johnadamsfineart.com/#,E09000033,200 Ebury Street,,,100023346246,Churchill,E05000633,-0.1531496029328186,51.490968535566346,528313.9652342916,178507.9244292542,04/11/2021
Eleven,City of Westminster,http://www.elevenfineart.com/#,E09000033,11 Eccleston Street,,,100023346410,Warwick,E05000647,-0.1479854981505623,51.49434029733065,528662.9651387339,178891.9243246339,04/11/2021
The Osborne Studio Gallery,City of Westminster,http://www.osg.uk.com/#,E09000033,2 Motcomb Street,,,100023348455,Knightsbridge and Belgravia,E05000637,-0.1565913514765248,51.49920604153212,528051.9653058978,179417.92418153642,04/11/2021
La Galleria,City of Westminster,http://www.lagalleria.org/#,E09000033,30 Royal Opera Arcade,Pall Mall,,100023349436,St. James's,E05000644,-0.131880200719135,51.50769985305442,529742.9648470132,180405.9239138897,04/11/2021
GRAD,City of Westminster,http://www.grad-london.com/#,E09000033,3-4a Little Portland Street,,,100023466396,West End,E05000649,-0.1406487639292005,51.517434402995065,529106.9650180524,181472.92362411585,04/11/2021
Stephen Wiltshire Gallery,City of Westminster,http://www.stephenwiltshire.co.uk/london_gallery.aspx#,E09000033,5 Royal Opera Arcade,,,100023349482,St. James's,E05000644,-0.1320724925855282,51.507698508597535,529729.6248237625,180405.4338627512,04/11/2021
Panter and Hall,City of Westminster,http://www.panterandhall.com/#,E09000033,27 Bury Street,,,100023349526,St. James's,E05000644,-0.1332869663525841,51.50712873029319,529646.9648731232,180339.923932152,04/11/2021
Alan Cristea Gallery,City of Westminster,http://www.alancristea.com/#,E09000033,43 Pall Mall,,,100023349532,St. James's,E05000644,-0.1361827611487653,51.50608666251893,529448.9649266724,180218.92396537325,04/11/2021
Institute of Contemporary Arts - ICA,City of Westminster,http://www.ica.org.uk/#,E09000033,"The Mall, St. James's",,,100023349547,St. James's,E05000644,-0.1310971806068408,51.50641041249607,529800.9648308733,180263.9239526004,04/11/2021
Malcolm Fairley,City of Westminster,http://www.malcolmfairley.com/#,E09000033,40 Bury Street,,,100023349671,St. James's,E05000644,-0.1381885951637756,51.50637031588022,529308.9649646203,180246.9239577564,04/11/2021
Paisnel Gallery,City of Westminster,http://www.paisnelgallery.co.uk/#,E09000033,9 Bury Street,,,100023349896,St. James's,E05000644,-0.1381584337620433,51.50675652391479,529309.9649644457,180289.9239460766,04/11/2021
Sladmore,City of Westminster,http://www.sladmore.com/#,E09000033,57 Jermyn Street,,,100023349966,St. James's,E05000644,-0.139529800548788,51.5077584906967,529211.9649911586,180398.9239165283,04/11/2021
Chris Beetles,City of Westminster,http://www.chrisbeetles.com/#,E09000033,8 & 10 Ryder Street,,,100023350002,St. James's,E05000644,-0.1382586140286555,51.50712681547932,529301.9649667011,180330.9239349417,04/11/2021
Photofusion Gallery,Lambeth,http://www.photofusion.org/photography-exhibitions/#,E09000022,17A Electric Ln,Brixton,,100023388443,Coldharbour,E05000420,-0.113914084319503,51.46187314367182,531120.9644713178,175341.925289787,04/11/2021
Brixton Art Gallery,Lambeth,http://www.brixtonartgallery.co.uk/#,E09000022,35 Brixton Station Road,,,100023388518,Coldharbour,E05000420,-0.1130995892535705,51.46382046394568,531171.9644578417,175559.9252303372,04/11/2021
Two Temple Place,City of Westminster,http://www.twotempleplace.org/#,E09000033,2 Temple Place,,,100023433098,St. James's,E05000644,-0.1122213426603694,51.51160271241844,531095.9644777082,180874.9237845104,04/11/2021
Atlas Gallery,City of Westminster,http://www.atlasgallery.com/#,E09000033,49 Dorset Street,,,100023460982,Marylebone High Street,E05000641,-0.1553535489091974,51.51950107361095,528080.9652974516,181676.9235683468,04/11/2021
Fashion Space Gallery,City of Westminster,http://www.fashionspacegallery.com/#,E09000033,London College of Fashion,20 John Princes St,,100023463131,West End,E05000649,-0.1432729198174484,51.51564145841103,528929.9650664583,181268.92367995545,04/11/2021
Hay Hill Gallery,City of Westminster,http://www.hayhillgallery.com/#,E09000033,35 Baker Street,,,100023463338,Marylebone High Street,E05000641,-0.1558818581874759,51.51795247729972,528048.65530889,181503.79361069,04/11/2021
A&D Gallery,City of Westminster,http://www.aanddgallery.com/#,E09000033,51 Chiltern Street,,,100023463458,Marylebone High Street,E05000641,-0.1556515708958889,51.51997337906727,528058.965303397,181728.9235540837,04/11/2021
Hellenic Centre,City of Westminster,http://www.helleniccentre.org/#,E09000033,16-18 Paddington Street,,,100023464226,Marylebone High Street,E05000641,-0.1535649380529645,51.520956726103385,528200.9652644555,181841.9235232928,04/11/2021
RIBA Architecture Gallery,City of Westminster,http://www.architecture.com/WhatsOn/Exhibitions/Exhibitions.aspx#,E09000033,66 Portland Place,,,100023466307,Marylebone High Street,E05000641,-0.1448435900362467,51.52132271764298,528804.9651006795,181897.92350849224,04/11/2021
Pi Artworks,City of Westminster,http://www.piartworks.com/#,E09000033,55 Eastcastle Street,,,100023466780,West End,E05000649,-0.1381103669508877,51.516413933967776,529285.9649694191,181363.92365350464,04/11/2021
Pilar Corrias,City of Westminster,http://www.pilarcorrias.com/#,E09000033,54 Eastcastle Street,,,100023466935,West End,E05000649,-0.1381971572673221,51.51640631884335,529279.9649710553,181362.9236537881,04/11/2021
Art First,City of Westminster,http://www.artfirst.co.uk/#,E09000033,21 Eastcastle Street,,,100023466981,West End,E05000649,-0.1379642302215568,51.51681628604987,529294.9649668573,181408.92364122136,04/11/2021
Nancy Victor,City of Westminster,http://www.nancyvictor.com/#,E09000033,6 Charlotte Pl,Fitzrovia,,100023467162,West End,E05000649,-0.1360670966588448,51.51880052412247,529420.9649330733,181632.92358050245,04/11/2021
Gallery Libby Sellers,City of Westminster,http://www.libbysellers.com/#,E09000033,41-42 Berners Street,,,100023467596,West End,E05000649,-0.1376477433813757,51.51821412506119,529312.9649622114,181564.9235989428,04/11/2021
Ronchini Gallery,City of Westminster,http://www.ronchinigallery.com/#,E09000033,22 Dering Street,,,100023470794,West End,E05000649,-0.1455199919305717,51.51425615935236,528777.9651079362,181110.9237232193,04/11/2021
Hauser & Wirth 1,City of Westminster,http://www.hauserwirth.com/#,E09000033,196A Piccadilly,,,100023470962,St. James's,E05000644,-0.1372702071465556,51.50874779655609,529365.9649498475,180512.9238854345,04/11/2021
Anthony Reynolds Gallery,City of Westminster,http://www.anthonyreynolds.com/#,E09000033,60 Great Marlborough Street,,,100023471398,West End,E05000649,-0.1371898633472427,51.51460077749412,529354.964951173,181163.9237079352,04/11/2021
Flowers Gallery Central,City of Westminster,http://www.flowersgallery.com/#,E09000033,21 Cork Street,,,100023473240,West End,E05000649,-0.1410324506269955,51.510138406647066,529100.9650210739,180660.92384539184,04/11/2021
Erskine Hall & Coe,City of Westminster,http://www.erskinehallcoe.com/#,E09000033,15 Royal Arcade,28 Old Bond St,,100023473300,West End,E05000649,-0.1416664723717086,51.50907832090396,529059.9650323414,180541.92387786828,04/11/2021
David Zwimer,City of Westminster,http://www.davidzwirner.com/#,E09000033,24 Grafton Street,,,100023473310,West End,E05000649,-0.1430048741173626,51.50947721228,528965.965057637,180583.9238665271,04/11/2021
Colnaghi,City of Westminster,http://www.colnaghi.com/#,E09000033,15 Old Bond Street,,,100023473356,West End,E05000649,-0.1405719464154215,51.50906097445984,529135.9650118465,180541.92387778487,04/11/2021
Gazelli Art House,City of Westminster,http://gazelliarthouse.com/#,E09000033,39 Dover Street,,,100023473417,West End,E05000649,-0.1423888391918043,51.50832538331812,529011.9650452451,180456.9239009684,04/11/2021
SprÃÂ¼th Magers,City of Westminster,http://www.spruethmagers.com/#,E09000033,7 Grafton Street,,,100023473419,West End,E05000649,-0.1437477036256266,51.50999256219499,528912.9650718693,180639.9238513314,04/11/2021
D-Contemporary,City of Westminster,http://dcontemporary.com/#,E09000033,23 Grafton Street,,,100023473421,West End,E05000649,-0.1430599221101237,51.509541032762144,528961.9650587057,180590.9238646245,04/11/2021
Erarta Galleries,City of Westminster,http://www.erartagalleries.com/london.html#,E09000033,8 Berkeley Street,,,100023473659,West End,E05000649,-0.1426796524449695,51.50790733140983,528992.9650503094,180409.92391369608,04/11/2021
Sladmore Contemporary,City of Westminster,http://www.sladmore.com/#,E09000033,32 Bruton Place,,,100023473811,West End,E05000649,-0.1451311357707964,51.51105760169244,528813.965098496,180755.92381985197,04/11/2021
Lefevre Fine Art,City of Westminster,http://www.lefevrefineart.com/#,E09000033,31 Bruton Street,,,100023474091,West End,E05000649,-0.1451771050589984,51.510635671526806,528811.9650990803,180708.92383265623,04/11/2021
Sophia Contemporary,City of Westminster,http://sophiacontemporary.com/#,E09000033,11 Grosvenor Street,,,100023474136,West End,E05000649,-0.1457346979728961,51.51216425447098,528768.9651105683,180877.9237866847,04/11/2021
The Fine Art Society,City of Westminster,http://faslondon.com/#,E09000033,148 New Bond Street,,,100023474398,West End,E05000649,-0.1437966211056176,51.51127030067688,528905.96507359,180781.9238126581,04/11/2021
Gimpel Fils,City of Westminster,http://www.gimpelfils.com/#,E09000033,30 Davies Street,,,100023474837,West End,E05000649,-0.1477465181044401,51.51195323815699,528629.9651482172,180850.9237942187,04/11/2021
Gallery Elena Shchukina,City of Westminster,http://galleryelenashchukina.com/#,E09000033,10 Lees Place,,,100023475032,West End,E05000649,-0.1543681078296568,51.51214754134767,528169.9652736228,180860.9237913052,04/11/2021
Sadie Coles Gallery,City of Westminster,http://www.sadiecoles.com/#,E09000033,1 Davies Street,,,100023475710,West End,E05000649,-0.1515441858221962,51.50856894417744,528375.9652168342,180467.9238986299,04/11/2021
Hamiltons Gallery,City of Westminster,http://www.hamiltonsgallery.com/#,E09000033,13 Carlos Place,,,100023475924,West End,E05000649,-0.1499475164405977,51.51063007694193,528480.9651885366,180699.92383550404,04/11/2021
Galeries Bartoux,City of Westminster,http://www.galeries-bartoux.com/en/#,E09000033,104 New Bond Street,,,100023476528,West End,E05000649,-0.146182942361131,51.51354722281789,528733.9651199382,181030.9237450678,04/11/2021
Salon Contemporary,City of Westminster,http://www.saloncontemporary.com/#,E09000033,82 Westbourne Grove,,,100023482451,Bayswater,E05000631,-0.1932394001317131,51.51536058285331,525463.9660103163,181150.92371178843,04/11/2021
Thomas & Paul,City of Westminster,http://www.thomasandpaul.com/#,E09000033,20 Bristol Gardens,,,100023513233,Little Venice,E05000639,-0.1859282336348681,51.5230713462478,525949.9658772761,182020.9234745807,04/11/2021
Greenwich Printmakers Gallery,Greenwich,http://www.greenwich-printmakers.org.uk/#,E09000011,1a Greenwich Market,,,100023537574,Greenwich West,E05000222,-0.0091691536234941,51.48137273277366,538337.9625126796,177702.92464735964,04/11/2021
The Invisible Line,Hackney,http://www.whitechapelgallery.org/first-thursdays/galleries/invisible-line-gallery/,E09000012,"87 Dalston Lane,",,,100023545364,Dalston,E05009370,-0.0689939654948018,51.54785830376204,533988.9636905512,184984.9226685622,04/11/2021
Fishbar,Hackney,http://fishbar.ph/#,E09000012,176 Dalston Lane,,,100023545393,Hackney Central,E05009372,-0.0650852441101983,51.54819851817224,534258.9636176879,185029.92265641992,04/11/2021
Rowing,Hackney,http://www.rowingprojects.com/#,E09000012,2 Leswin Place,,,100023546708,Stoke Newington,E05009385,-0.0722711776208723,51.55802901248215,533731.9637621397,186109.92236229076,04/11/2021
The Stone Space,Waltham Forest,http://www.thestonespace.com/#,E09000031,6 Church Lane,,,100023583897,Leytonstone,E05000605,0.0106111150290526,51.56820255992199,539445.9622099979,187395.9220142713,04/11/2021
ContiniArtUK,City of Westminster,http://www.continiartuk.com/#,E09000033,105 New Bond Street,,,100023608426,West End,E05000649,-0.1460998092362886,51.51346497461977,528739.9651183169,181021.9237475108,04/11/2021
Max Wigram Gallery,City of Westminster,http://www.maxwigram.com/#,E09000033,106 New Bond Street,,,100023608426,West End,E05000649,-0.1460998092362886,51.51346497461977,528739.9651183169,181021.9237475108,04/11/2021
Timothy Taylor Gallery,City of Westminster,http://www.timothytaylorgallery.com/#,E09000033,15 Carlos Place,,,100023616387,West End,E05000649,-0.1498621959646977,51.51060175307542,528486.9651869147,180696.92383631264,04/11/2021
Andor Gallery,Hackney,http://www.creativeandorcultural.com/#,E09000012,237 Hackney Road,,,100023649875,Haggerston,E05009375,-0.0701406686758247,51.53132194068214,533957.9637037701,183143.92316838892,04/11/2021
EXHIBIT at Golden Lane Estate,City and County of the City of London,http://www.exhibit-goldenlane.com/#,E09000001,20 Goswell Road,,,200000072012,Cripplegate,E05009302,-0.0973577186217658,51.52244161956729,532095.9642076244,182106.92345250412,04/11/2021
The Sassoon Gallery,Southwark,http://www.thesassoongallery.co.uk/#,E09000028,Arch 213 Blenheim Grove,Peckham,,200003492347,Rye Lane,E05011113,-0.0701339974484459,51.46949000185099,534139.7836595555,176268.17503616365,04/11/2021
Crypt Museum,City and County of the City of London,http://www.allhallowsbythetower.org.uk/visit/crypt/,E09000001,Byward Street,,,200000075582,Tower,E05009310,-0.0791841539365913,51.509330619725205,533394.9638540241,180681.92383733203,04/11/2021
Brocket Gallery,Lambeth,http://www.brocketgallery.com/#,E09000022,16 Windmill Row,,,200000468294,Oval,E05000426,-0.1118112310435339,51.48701892950183,531194.964452343,178141.92452806805,04/11/2021
Orso Major Gallery,Lambeth,http://www.orsomajor.com/#,E09000022,19 Lower Marsh,,,200000471760,Bishop's,E05000416,-0.1130076791965428,51.50059923215463,531072.964484671,179649.92412070575,04/11/2021
Man & Eve,Lambeth,http://www.manandeve.co.uk/#,E09000022,119-120 Lower Marsh,,,200000471832,Bishop's,E05000416,-0.1131719230639973,51.50080870809423,531060.9644879028,179672.92411438318,04/11/2021
Clapham Art Gallery,Lambeth,http://www.claphamartgallery.com/#,E09000022,Unit 02,40-48 BromellÃ¢ÂÂs Road,,200000520874,Clapham Town,E05000419,-0.138298145874092,51.46264961539353,529424.9649333975,175384.92527689255,04/11/2021
Victoria Miro Gallery I,Hackney,http://www.victoria-miro.com/#,E09000012,16 Wharf Road,,,200002432213,Hoxton West,E05009378,-0.094995244145769,51.530328967001466,532237.0041492825,182988.2731886278,04/11/2021
Old Royal Naval College,Greenwich,http://www.oldroyalnavalcollege.org/#,E09000011,2 Cutty Sark Gardens,,,200002800648,Greenwich West,E05000222,-0.0087781873950313,51.482871411952665,538360.5724927462,177870.314555372,04/11/2021
Bischoff/Weiss,City of Westminster,http://www.bischoffweiss.com/#,E09000033,14a Hay Hill,,,200002817730,West End,E05000649,-0.1436435224889066,51.50901070819049,528922.9650693042,180530.92388101184,04/11/2021
Borough Road Gallery,Southwark,http://www1.lsbu.ac.uk/w2/boroughroadgallery#,E09000028,103 Borough Road,,,200003353305,St. George's,E05011114,-0.1017425544868242,51.49870594649049,531860.2742680667,179459.60416338668,04/11/2021
Poppy Sebire,Southwark,http://www.poppysebire.com/#,E09000028,All Hallows Hall,6 Copperfield Street,,200003353342,Borough & Bankside,E05011095,-0.0972675710289985,51.50316867231567,532157.9641900035,179963.9240334825,04/11/2021
White Cube,Southwark,http://whitecube.com/#,E09000028,144-152 Bermondsey Street,,,200003362685,London Bridge & West Bermondsey,E05011104,-0.0826543085768507,51.49945047140024,533182.9639144253,179576.9241368808,04/11/2021
Flat Time House,Southwark,http://flattimeho.org.uk/#,E09000028,210 Bellenden Road,,,200003391772,Rye Lane,E05011113,-0.0741616653625468,51.466100755539294,533869.9637248381,175883.9251405244,04/11/2021
Arch Collective,Southwark,http://www.archcollective.co.uk/#,E09000028,Arch 12,Raymouth Road,,200003401561,North Bermondsey,E05011106,-0.0592932605966542,51.49212360522838,534825.9634663658,178804.924350194,04/11/2021
South London Gallery,Southwark,http://www.southlondongallery.org/#,E09000028,65 Peckham Road,,,200003464154,St. Giles,E05011115,-0.0797497233005702,51.47428603079586,533457.9638357003,176783.92489692435,04/11/2021
Menier Gallery,Southwark,http://www.meniergallery.co.uk/#,E09000028,51 Southwark Street,,,200003495859,Borough & Bankside,E05011095,-0.0941950802553601,51.50462957319994,532366.9641335225,180131.9239874513,04/11/2021
Jerwood Space Gallery,Southwark,http://www.jerwoodspace.co.uk/#,E09000028,171 Union Street,,,200003496580,Borough & Bankside,E05011095,-0.0990790867639075,51.50361171365507,532030.9642239938,180009.9240212894,04/11/2021
Hannah Barry Gallery,Southwark,http://www.hannahbarry.com/#,E09000028,"Unit 9i, 133 Copeland Road",,,200003497923,Rye Lane,E05011113,-0.0657393088386392,51.47000809956524,534443.483528369,176333.845001493,04/11/2021
The Wapping Project Bankside,Southwark,http://thewappingprojectbankside.com/#,E09000028,65 Hopton Street,,,200003498823,Borough & Bankside,E05011095,-0.1021761302135143,51.50744782861542,531804.9642840935,180430.9239071145,04/11/2021
